model,train_size,test_size,n_features,fit_time,pred_time,r2,mae,rmse,mape,mse,test_set_version,train_set_version,n_test_counties,n_train_source_test_history,n_train_source_external,status,experiment_name,experiment_description,result_type,test_fips,size_bucket,county_test_size,county_train_pool_size,county_train_used
xgboost,5000000.0,358081.0,107.0,893.006475687027,0.2815268039703369,0.7051767762653953,78406.91677907809,150200.93345697885,34.712251282560445,22560320411.34779,unknown,unknown,315.0,221612.0,4778388.0,success,xgboost_large_scale_train_v6,XGBoost-only training on test_v1_train_v6 (5M samples),,,,,,
xgboost,,,,,,0.47277692167059315,32766.25781250005,42929.10749480411,,1842908270.3004465,unknown,unknown,,,,,xgboost_large_scale_train_v6,XGBoost-only training on test_v1_train_v6 (5M samples),per_county,31007.0,tiny,4.0,3.0,3.0
xgboost,,,,,,0.6177147867847249,48764.78944515307,83499.06554702485,,6972093947.226351,unknown,unknown,,,,,xgboost_large_scale_train_v6,XGBoost-only training on test_v1_train_v6 (5M samples),per_county,48169.0,tiny,49.0,49.0,49.0
xgboost,,,,,,,2177.468750000058,2177.468750000058,,4741370.157226816,unknown,unknown,,,,,xgboost_large_scale_train_v6,XGBoost-only training on test_v1_train_v6 (5M samples),per_county,1087.0,tiny,1.0,1.0,1.0
xgboost,,,,,,0.8523370840609903,21400.128069196442,25180.884174614195,,634076927.8153356,unknown,unknown,,,,,xgboost_large_scale_train_v6,XGBoost-only training on test_v1_train_v6 (5M samples),per_county,29083.0,tiny,42.0,42.0,42.0
xgboost,,,,,,-2.126636497336567,25979.00976562501,28792.237267417488,,828992926.8632644,unknown,unknown,,,,,xgboost_large_scale_train_v6,XGBoost-only training on test_v1_train_v6 (5M samples),per_county,28021.0,tiny,6.0,6.0,6.0
xgboost,,,,,,0.4727837549492101,45396.36099567818,64716.49555908924,,4188224797.4496174,unknown,unknown,,,,,xgboost_large_scale_train_v6,XGBoost-only training on test_v1_train_v6 (5M samples),per_county,54105.0,tiny,47.0,47.0,47.0
xgboost,,,,,,-1.0688726585966704,138748.07343750005,166707.82176058058,,27791497836.1575,unknown,unknown,,,,,xgboost_large_scale_train_v6,XGBoost-only training on test_v1_train_v6 (5M samples),per_county,35021.0,tiny,5.0,4.0,4.0
xgboost,,,,,,-0.015078134675783561,103009.72309523814,151287.13023532322,,22887795774.839645,unknown,unknown,,,,,xgboost_large_scale_train_v6,XGBoost-only training on test_v1_train_v6 (5M samples),per_county,2232.0,tiny,21.0,21.0,21.0
xgboost,,,,,,-1.5039993524587771,171021.40787499998,201467.2547336702,,40589054729.92156,unknown,unknown,,,,,xgboost_large_scale_train_v6,XGBoost-only training on test_v1_train_v6 (5M samples),per_county,48173.0,tiny,10.0,9.0,9.0
xgboost,,,,,,-0.26676293367957093,26164.1115625,28761.781905058513,,827240098.3541514,unknown,unknown,,,,,xgboost_large_scale_train_v6,XGBoost-only training on test_v1_train_v6 (5M samples),per_county,38085.0,tiny,3.0,3.0,3.0
xgboost,,,,,,0.34804450653098085,75633.64812077703,183125.92609264425,,33535104807.2886,unknown,unknown,,,,,xgboost_large_scale_train_v6,XGBoost-only training on test_v1_train_v6 (5M samples),per_county,13265.0,tiny,37.0,36.0,36.0
xgboost,,,,,,,138586.51562499997,138586.51562499997,,19206222313.07836,unknown,unknown,,,,,xgboost_large_scale_train_v6,XGBoost-only training on test_v1_train_v6 (5M samples),per_county,51515.0,tiny,1.0,1.0,1.0
xgboost,,,,,,,49422.15624999971,49422.15624999971,,2442549528.3993855,unknown,unknown,,,,,xgboost_large_scale_train_v6,XGBoost-only training on test_v1_train_v6 (5M samples),per_county,2261.0,tiny,1.0,1.0,1.0
xgboost,,,,,,0.7105711446063091,41470.21913690475,58267.950688390636,,3395154077.424723,unknown,unknown,,,,,xgboost_large_scale_train_v6,XGBoost-only training on test_v1_train_v6 (5M samples),per_county,48283.0,tiny,21.0,20.0,20.0
xgboost,,,,,,0.7331595935728352,16227.959635416648,20522.00669513215,,421152758.7950487,unknown,unknown,,,,,xgboost_large_scale_train_v6,XGBoost-only training on test_v1_train_v6 (5M samples),per_county,28163.0,tiny,9.0,8.0,8.0
xgboost,,,,,,0.4534128180961807,48460.88975694444,64225.098869489506,,4124863324.795702,unknown,unknown,,,,,xgboost_large_scale_train_v6,XGBoost-only training on test_v1_train_v6 (5M samples),per_county,28061.0,tiny,36.0,33.0,33.0
xgboost,,,,,,0.26535833805020936,25228.78734375001,31744.40755007935,,1007707410.7055349,unknown,unknown,,,,,xgboost_large_scale_train_v6,XGBoost-only training on test_v1_train_v6 (5M samples),per_county,48155.0,tiny,12.0,12.0,12.0
xgboost,,,,,,0.5619797455134523,76990.29811789772,161797.8241564328,,26178535901.755947,unknown,unknown,,,,,xgboost_large_scale_train_v6,XGBoost-only training on test_v1_train_v6 (5M samples),per_county,1011.0,tiny,44.0,42.0,42.0
xgboost,,,,,,0.251567980461479,75460.07960937503,97484.7836719575,,9503283047.568352,unknown,unknown,,,,,xgboost_large_scale_train_v6,XGBoost-only training on test_v1_train_v6 (5M samples),per_county,48311.0,tiny,8.0,7.0,7.0
xgboost,,,,,,-1.7561198586837188,141599.35546875,156060.61252390055,,24354914781.335022,unknown,unknown,,,,,xgboost_large_scale_train_v6,XGBoost-only training on test_v1_train_v6 (5M samples),per_county,49025.0,tiny,4.0,3.0,3.0
xgboost,,,,,,0.37444892008044883,82586.1324404762,140176.92255425933,,19649569616.782818,unknown,unknown,,,,,xgboost_large_scale_train_v6,XGBoost-only training on test_v1_train_v6 (5M samples),per_county,31165.0,tiny,21.0,21.0,21.0
xgboost,,,,,,-0.9543344016798208,59941.51718749998,64172.28973710909,,4118082770.103476,unknown,unknown,,,,,xgboost_large_scale_train_v6,XGBoost-only training on test_v1_train_v6 (5M samples),per_county,28139.0,tiny,5.0,5.0,5.0
xgboost,,,,,,0.5558691652759228,55673.06878125,70344.09731775893,,4948292027.45034,unknown,unknown,,,,,xgboost_large_scale_train_v6,XGBoost-only training on test_v1_train_v6 (5M samples),per_county,48263.0,tiny,10.0,10.0,10.0
xgboost,,,,,,0.5798392701101678,47335.67795138886,53368.74224886999,,2848222649.2263203,unknown,unknown,,,,,xgboost_large_scale_train_v6,XGBoost-only training on test_v1_train_v6 (5M samples),per_county,30069.0,tiny,9.0,4.0,4.0
xgboost,,,,,,0.18642687267577984,48434.69531249994,50677.29679545833,,2568188410.494971,unknown,unknown,,,,,xgboost_large_scale_train_v6,XGBoost-only training on test_v1_train_v6 (5M samples),per_county,29065.0,tiny,3.0,2.0,2.0
xgboost,,,,,,0.5458663754996608,76133.77343750006,109956.3947940054,,12090408756.09518,unknown,unknown,,,,,xgboost_large_scale_train_v6,XGBoost-only training on test_v1_train_v6 (5M samples),per_county,2275.0,tiny,8.0,8.0,8.0
xgboost,,,,,,,72936.125,72936.125,,5319678330.015625,unknown,unknown,,,,,xgboost_large_scale_train_v6,XGBoost-only training on test_v1_train_v6 (5M samples),per_county,9001.0,tiny,1.0,1.0,1.0
xgboost,,,,,,0.5262511175316038,44762.35253906252,51264.31783938379,,2628030283.5373626,unknown,unknown,,,,,xgboost_large_scale_train_v6,XGBoost-only training on test_v1_train_v6 (5M samples),per_county,35025.0,tiny,16.0,14.0,14.0
xgboost,,,,,,0.3534832832997131,42428.293423150506,57278.997665254756,,3280883573.5362597,unknown,unknown,,,,,xgboost_large_scale_train_v6,XGBoost-only training on test_v1_train_v6 (5M samples),per_county,48507.0,tiny,49.0,48.0,48.0
xgboost,,,,,,0.3454264690986847,69955.67100694445,80777.06615623618,,6524934416.808955,unknown,unknown,,,,,xgboost_large_scale_train_v6,XGBoost-only training on test_v1_train_v6 (5M samples),per_county,28005.0,tiny,9.0,8.0,8.0
xgboost,,,,,,0.5520539327219841,58024.94963727678,88884.16888082467,,7900395477.634959,unknown,unknown,,,,,xgboost_large_scale_train_v6,XGBoost-only training on test_v1_train_v6 (5M samples),per_county,31183.0,tiny,42.0,42.0,42.0
xgboost,,,,,,-3.0312504632241097,41546.287016369046,53789.826773025685,,2893345464.2721105,unknown,unknown,,,,,xgboost_large_scale_train_v6,XGBoost-only training on test_v1_train_v6 (5M samples),per_county,21189.0,tiny,21.0,20.0,20.0
xgboost,,,,,,-2.8953153382791603,52668.74821428571,64395.10461472633,,4146729498.3415484,unknown,unknown,,,,,xgboost_large_scale_train_v6,XGBoost-only training on test_v1_train_v6 (5M samples),per_county,28117.0,tiny,35.0,35.0,35.0
xgboost,,,,,,-0.4811070986984807,40958.58203125003,42764.43604349242,,1828796990.1179533,unknown,unknown,,,,,xgboost_large_scale_train_v6,XGBoost-only training on test_v1_train_v6 (5M samples),per_county,31005.0,tiny,4.0,4.0,4.0
xgboost,,,,,,0.1201659837478013,37472.87865114798,45971.698861108845,,2113397096.1764762,unknown,unknown,,,,,xgboost_large_scale_train_v6,XGBoost-only training on test_v1_train_v6 (5M samples),per_county,48047.0,tiny,49.0,49.0,49.0
xgboost,,,,,,-5.295790018824006,42159.67578125,55228.40708207543,,3050176948.823439,unknown,unknown,,,,,xgboost_large_scale_train_v6,XGBoost-only training on test_v1_train_v6 (5M samples),per_county,28053.0,tiny,9.0,8.0,8.0
xgboost,,,,,,0.3243234316628555,26789.211669921882,40953.47969018058,,1677187498.7340336,unknown,unknown,,,,,xgboost_large_scale_train_v6,XGBoost-only training on test_v1_train_v6 (5M samples),per_county,31113.0,tiny,32.0,31.0,31.0
xgboost,,,,,,0.1928621721922521,92808.09017619681,120319.0021892018,,14476662287.805145,unknown,unknown,,,,,xgboost_large_scale_train_v6,XGBoost-only training on test_v1_train_v6 (5M samples),per_county,38065.0,tiny,47.0,46.0,46.0
xgboost,,,,,,0.6820730102707444,46359.537499999926,55139.81210179564,,3040398878.621329,unknown,unknown,,,,,xgboost_large_scale_train_v6,XGBoost-only training on test_v1_train_v6 (5M samples),per_county,2185.0,tiny,10.0,9.0,9.0
xgboost,,,,,,0.6931986232813013,20454.018750000047,23839.439385894064,,568318870.2337172,unknown,unknown,,,,,xgboost_large_scale_train_v6,XGBoost-only training on test_v1_train_v6 (5M samples),per_county,28069.0,tiny,5.0,4.0,4.0
xgboost,,,,,,0.009711730028060361,47955.09059495192,59674.74616356936,,3561075329.686436,unknown,unknown,,,,,xgboost_large_scale_train_v6,XGBoost-only training on test_v1_train_v6 (5M samples),per_county,54071.0,tiny,26.0,26.0,26.0
xgboost,,,,,,0.11212242509316661,146418.9370928031,337347.808446954,,113803543863.96277,unknown,unknown,,,,,xgboost_large_scale_train_v6,XGBoost-only training on test_v1_train_v6 (5M samples),per_county,35019.0,tiny,33.0,32.0,32.0
xgboost,,,,,,0.7337139869548065,29600.03515625011,38327.75390746575,,1469016719.591256,unknown,unknown,,,,,xgboost_large_scale_train_v6,XGBoost-only training on test_v1_train_v6 (5M samples),per_county,28039.0,tiny,4.0,3.0,3.0
xgboost,,,,,,0.22868181032379753,22928.86061789772,32251.10784632504,,1040133957.3152885,unknown,unknown,,,,,xgboost_large_scale_train_v6,XGBoost-only training on test_v1_train_v6 (5M samples),per_county,29149.0,tiny,11.0,10.0,10.0
xgboost,,,,,,-0.04526721257219424,70491.64279605263,104924.06228110923,,11009058845.57009,unknown,unknown,,,,,xgboost_large_scale_train_v6,XGBoost-only training on test_v1_train_v6 (5M samples),per_county,48105.0,tiny,38.0,37.0,37.0
xgboost,,,,,,0.5714626989824743,68430.96161764706,81261.24922307981,,6603390625.295489,unknown,unknown,,,,,xgboost_large_scale_train_v6,XGBoost-only training on test_v1_train_v6 (5M samples),per_county,2016.0,tiny,17.0,17.0,17.0
xgboost,,,,,,-0.15915739474086865,75970.70638020833,89365.88093120781,,7986260674.610812,unknown,unknown,,,,,xgboost_large_scale_train_v6,XGBoost-only training on test_v1_train_v6 (5M samples),per_county,46021.0,tiny,12.0,11.0,11.0
xgboost,,,,,,0.4187962995542852,67894.97095788046,121429.36919205596,,14745091702.38063,unknown,unknown,,,,,xgboost_large_scale_train_v6,XGBoost-only training on test_v1_train_v6 (5M samples),per_county,32011.0,tiny,46.0,45.0,45.0
xgboost,,,,,,-0.060532824500934,48799.8765625,73486.46051927283,,5400259879.650644,unknown,unknown,,,,,xgboost_large_scale_train_v6,XGBoost-only training on test_v1_train_v6 (5M samples),per_county,28131.0,tiny,40.0,39.0,39.0
xgboost,,,,,,0.25370179210769284,136106.95683593745,199881.15415005747,,39952475784.35903,unknown,unknown,,,,,xgboost_large_scale_train_v6,XGBoost-only training on test_v1_train_v6 (5M samples),per_county,30039.0,tiny,40.0,40.0,40.0
xgboost,,,,,,0.5566746262340273,54860.2853860294,87507.15669302562,,7657502472.49774,unknown,unknown,,,,,xgboost_large_scale_train_v6,XGBoost-only training on test_v1_train_v6 (5M samples),per_county,28115.0,tiny,17.0,16.0,16.0
xgboost,,,,,,0.0967955803863807,108539.60111860796,272839.2849178539,,74441275394.48584,unknown,unknown,,,,,xgboost_large_scale_train_v6,XGBoost-only training on test_v1_train_v6 (5M samples),per_county,13007.0,tiny,44.0,44.0,44.0
xgboost,,,,,,0.42443464764789995,63512.34989519817,168786.86976172944,,28489007403.96302,unknown,unknown,,,,,xgboost_large_scale_train_v6,XGBoost-only training on test_v1_train_v6 (5M samples),per_county,31171.0,tiny,41.0,41.0,41.0
xgboost,,,,,,-0.19530077375654753,45931.92263104839,57207.98196295198,,3272753200.273439,unknown,unknown,,,,,xgboost_large_scale_train_v6,XGBoost-only training on test_v1_train_v6 (5M samples),per_county,28111.0,tiny,31.0,30.0,30.0
xgboost,,,,,,-0.2585169864564296,86692.43513671872,145349.34729447035,,21126432758.928555,unknown,unknown,,,,,xgboost_large_scale_train_v6,XGBoost-only training on test_v1_train_v6 (5M samples),per_county,48109.0,tiny,24.0,24.0,24.0
xgboost,,,,,,0.4682763389515118,110357.4875,126397.08784258265,,15976223815.085556,unknown,unknown,,,,,xgboost_large_scale_train_v6,XGBoost-only training on test_v1_train_v6 (5M samples),per_county,2063.0,tiny,5.0,4.0,4.0
xgboost,,,,,,0.625197284844604,47053.349051339275,79569.40913016336,,6331290869.323325,unknown,unknown,,,,,xgboost_large_scale_train_v6,XGBoost-only training on test_v1_train_v6 (5M samples),per_county,29017.0,tiny,14.0,13.0,13.0
xgboost,,,,,,0.08200157240154748,20110.714099702367,27436.925667290405,,752784890.0724189,unknown,unknown,,,,,xgboost_large_scale_train_v6,XGBoost-only training on test_v1_train_v6 (5M samples),per_county,54047.0,tiny,42.0,41.0,41.0
xgboost,,,,,,0.2815458075084587,35812.894908536575,49934.88854626808,,2493493094.128215,unknown,unknown,,,,,xgboost_large_scale_train_v6,XGBoost-only training on test_v1_train_v6 (5M samples),per_county,48023.0,tiny,41.0,40.0,40.0
xgboost,,,,,,-13.036451001218936,51860.033482142884,62937.618037074724,,3961143764.1807137,unknown,unknown,,,,,xgboost_large_scale_train_v6,XGBoost-only training on test_v1_train_v6 (5M samples),per_county,28037.0,tiny,7.0,7.0,7.0
xgboost,,,,,,-0.13770602834357715,184170.21466206398,399517.05124910816,,159613874238.78253,unknown,unknown,,,,,xgboost_large_scale_train_v6,XGBoost-only training on test_v1_train_v6 (5M samples),per_county,13307.0,tiny,43.0,42.0,42.0
xgboost,,,,,,0.5456984002635548,42116.292968749985,42126.18691467919,,1774615623.970488,unknown,unknown,,,,,xgboost_large_scale_train_v6,XGBoost-only training on test_v1_train_v6 (5M samples),per_county,48261.0,tiny,2.0,2.0,2.0
xgboost,,,,,,0.19426890114397122,59240.783072916696,80852.39097183557,,6537109125.862559,unknown,unknown,,,,,xgboost_large_scale_train_v6,XGBoost-only training on test_v1_train_v6 (5M samples),per_county,48433.0,tiny,15.0,14.0,14.0
xgboost,,,,,,-2.7092656182037724,53569.465494791664,67469.51498250791,,4552135451.974859,unknown,unknown,,,,,xgboost_large_scale_train_v6,XGBoost-only training on test_v1_train_v6 (5M samples),per_county,28009.0,tiny,12.0,11.0,11.0
xgboost,,,,,,0.48459040971854395,71694.93575284093,87563.87844550057,,7667432808.4184,unknown,unknown,,,,,xgboost_large_scale_train_v6,XGBoost-only training on test_v1_train_v6 (5M samples),per_county,2100.0,tiny,44.0,44.0,44.0
xgboost,,,,,,0.5576879639447727,113486.33081896552,165407.10428714356,,27359510148.657986,unknown,unknown,,,,,xgboost_large_scale_train_v6,XGBoost-only training on test_v1_train_v6 (5M samples),per_county,8033.0,tiny,29.0,29.0,29.0
xgboost,,,,,,0.5440172049241732,31516.126551067082,45606.07957895614,,2079914494.5620801,unknown,unknown,,,,,xgboost_large_scale_train_v6,XGBoost-only training on test_v1_train_v6 (5M samples),per_county,48087.0,tiny,41.0,40.0,40.0
xgboost,,,,,,0.7123074350030068,21283.815487132368,25091.01078097747,,629558822.0111277,unknown,unknown,,,,,xgboost_large_scale_train_v6,XGBoost-only training on test_v1_train_v6 (5M samples),per_county,1075.0,tiny,17.0,17.0,17.0
xgboost,,,,,,0.006981711347260555,102376.77623980978,258734.5143838437,,66943548933.44342,unknown,unknown,,,,,xgboost_large_scale_train_v6,XGBoost-only training on test_v1_train_v6 (5M samples),per_county,13101.0,tiny,46.0,45.0,45.0
xgboost,,,,,,-0.003621973881945184,46680.050951086974,67736.12022227191,,4588181982.766075,unknown,unknown,,,,,xgboost_large_scale_train_v6,XGBoost-only training on test_v1_train_v6 (5M samples),per_county,28129.0,tiny,23.0,23.0,23.0
xgboost,,,,,,0.38618068248989035,48748.40907703488,77012.96093649535,,5930996152.206159,unknown,unknown,,,,,xgboost_large_scale_train_v6,XGBoost-only training on test_v1_train_v6 (5M samples),per_county,48191.0,tiny,43.0,42.0,42.0
xgboost,,,,,,,222718.56249999977,222718.56249999977,,49603558082.0663,unknown,unknown,,,,,xgboost_large_scale_train_v6,XGBoost-only training on test_v1_train_v6 (5M samples),per_county,2060.0,tiny,1.0,1.0,1.0
xgboost,,,,,,,50492.25781250006,50492.25781250006,,2549468099.003973,unknown,unknown,,,,,xgboost_large_scale_train_v6,XGBoost-only training on test_v1_train_v6 (5M samples),per_county,42057.0,tiny,1.0,1.0,1.0
xgboost,,,,,,0.3153843166817767,58318.14572408534,97694.05464711654,,9544128313.393793,unknown,unknown,,,,,xgboost_large_scale_train_v6,XGBoost-only training on test_v1_train_v6 (5M samples),per_county,48413.0,tiny,41.0,40.0,40.0
xgboost,,,,,,0.0022403301519900998,86773.34787499998,117625.92406522896,,13835858012.199009,unknown,unknown,,,,,xgboost_large_scale_train_v6,XGBoost-only training on test_v1_train_v6 (5M samples),per_county,48235.0,tiny,25.0,24.0,24.0
xgboost,,,,,,0.37797923194133365,83626.84514508925,141219.9738392795,,19943081011.166782,unknown,unknown,,,,,xgboost_large_scale_train_v6,XGBoost-only training on test_v1_train_v6 (5M samples),per_county,30075.0,tiny,14.0,14.0,14.0
xgboost,,,,,,0.7281357489274478,64067.61549107145,92718.19844943573,,8596664323.708946,unknown,unknown,,,,,xgboost_large_scale_train_v6,XGBoost-only training on test_v1_train_v6 (5M samples),per_county,30045.0,tiny,35.0,35.0,35.0
xgboost,,,,,,0.6389597773122595,61280.48379310341,73626.57077548373,,5420871924.157315,unknown,unknown,,,,,xgboost_large_scale_train_v6,XGBoost-only training on test_v1_train_v6 (5M samples),per_county,49001.0,tiny,29.0,28.0,28.0
xgboost,,,,,,-0.2084967868013201,47154.262500000004,64947.78530740269,,4218214816.336473,unknown,unknown,,,,,xgboost_large_scale_train_v6,XGBoost-only training on test_v1_train_v6 (5M samples),per_county,29085.0,tiny,15.0,15.0,15.0
xgboost,,,,,,-0.21583813593101553,71474.46572265628,86048.68852922061,,7404376797.598823,unknown,unknown,,,,,xgboost_large_scale_train_v6,XGBoost-only training on test_v1_train_v6 (5M samples),per_county,48045.0,tiny,16.0,15.0,15.0
xgboost,,,,,,0.5468899559113267,29323.822490985578,46745.58084548427,,2185149328.581706,unknown,unknown,,,,,xgboost_large_scale_train_v6,XGBoost-only training on test_v1_train_v6 (5M samples),per_county,31103.0,tiny,26.0,26.0,26.0
xgboost,,,,,,0.713702159466429,35151.83487215909,45006.33326760696,,2025570034.194905,unknown,unknown,,,,,xgboost_large_scale_train_v6,XGBoost-only training on test_v1_train_v6 (5M samples),per_county,54089.0,tiny,44.0,43.0,43.0
xgboost,,,,,,-1.358812461654857,42729.40500000001,54328.365917537616,,2951571343.2698627,unknown,unknown,,,,,xgboost_large_scale_train_v6,XGBoost-only training on test_v1_train_v6 (5M samples),per_county,48033.0,tiny,2.0,1.0,1.0
xgboost,,,,,,0.3995833968080331,22421.597412109375,30290.834375594433,,917534647.1696935,unknown,unknown,,,,,xgboost_large_scale_train_v6,XGBoost-only training on test_v1_train_v6 (5M samples),per_county,54101.0,tiny,24.0,24.0,24.0
xgboost,,,,,,,140469.171875,140469.171875,,19731588247.24829,unknown,unknown,,,,,xgboost_large_scale_train_v6,XGBoost-only training on test_v1_train_v6 (5M samples),per_county,28157.0,tiny,1.0,1.0,1.0
xgboost,,,,,,0.013683250781417078,170949.4735192588,420437.57446997386,,176767754026.1948,unknown,unknown,,,,,xgboost_large_scale_train_v6,XGBoost-only training on test_v1_train_v6 (5M samples),per_county,31015.0,tiny,43.0,43.0,43.0
xgboost,,,,,,0.6765636934005015,23730.742492675796,32008.000658560508,,1024512106.1584098,unknown,unknown,,,,,xgboost_large_scale_train_v6,XGBoost-only training on test_v1_train_v6 (5M samples),per_county,29199.0,tiny,32.0,31.0,31.0
xgboost,,,,,,0.6027110428639386,39820.866953125,57494.82651787639,,3305655076.320702,unknown,unknown,,,,,xgboost_large_scale_train_v6,XGBoost-only training on test_v1_train_v6 (5M samples),per_county,48393.0,tiny,12.0,11.0,11.0
xgboost,,,,,,0.313154756144148,54027.06523437501,57824.49776979742,,3343672542.329306,unknown,unknown,,,,,xgboost_large_scale_train_v6,XGBoost-only training on test_v1_train_v6 (5M samples),per_county,31009.0,tiny,10.0,10.0,10.0
xgboost,,,,,,0.11138445122862373,34146.08519345239,37008.156529891916,,1369603649.7409816,unknown,unknown,,,,,xgboost_large_scale_train_v6,XGBoost-only training on test_v1_train_v6 (5M samples),per_county,40025.0,tiny,21.0,21.0,21.0
xgboost,,,,,,-0.47809677150264385,44616.23860677085,56926.911760385774,,3240673282.5747485,unknown,unknown,,,,,xgboost_large_scale_train_v6,XGBoost-only training on test_v1_train_v6 (5M samples),per_county,28065.0,tiny,12.0,11.0,11.0
xgboost,,,,,,,104872.09375000006,104872.09375000006,,10998156047.5088,unknown,unknown,,,,,xgboost_large_scale_train_v6,XGBoost-only training on test_v1_train_v6 (5M samples),per_county,51137.0,tiny,1.0,1.0,1.0
xgboost,,,,,,0.4219425956362436,35178.59330610795,43552.012306407145,,1896777775.9374397,unknown,unknown,,,,,xgboost_large_scale_train_v6,XGBoost-only training on test_v1_train_v6 (5M samples),per_county,31085.0,tiny,22.0,22.0,22.0
xgboost,,,,,,0.7552346695692385,44783.43632812499,63670.56204541716,,4053940471.179316,unknown,unknown,,,,,xgboost_large_scale_train_v6,XGBoost-only training on test_v1_train_v6 (5M samples),per_county,31117.0,tiny,5.0,5.0,5.0
xgboost,,,,,,0.2696521532150248,91040.28756648937,129545.55830542398,,16782051676.664003,unknown,unknown,,,,,xgboost_large_scale_train_v6,XGBoost-only training on test_v1_train_v6 (5M samples),per_county,48319.0,tiny,47.0,46.0,46.0
xgboost,,,,,,-0.2659277432439786,42035.163085937515,61027.71925646224,,3724382517.6455717,unknown,unknown,,,,,xgboost_large_scale_train_v6,XGBoost-only training on test_v1_train_v6 (5M samples),per_county,28125.0,tiny,40.0,40.0,40.0
xgboost,,,,,,0.378960055778236,43266.02734374999,48464.36456752182,,2348794632.933665,unknown,unknown,,,,,xgboost_large_scale_train_v6,XGBoost-only training on test_v1_train_v6 (5M samples),per_county,28041.0,tiny,6.0,6.0,6.0
xgboost,,,,,,0.7558588444695664,39568.2212863372,50596.29536969104,,2559985105.137019,unknown,unknown,,,,,xgboost_large_scale_train_v6,XGBoost-only training on test_v1_train_v6 (5M samples),per_county,48435.0,tiny,43.0,42.0,42.0
xgboost,,,,,,0.5178994720840768,87469.15625000004,160112.3064245186,,25635950668.578945,unknown,unknown,,,,,xgboost_large_scale_train_v6,XGBoost-only training on test_v1_train_v6 (5M samples),per_county,1041.0,tiny,9.0,8.0,8.0
xgboost,,,,,,0.17437773806734125,53650.41881793476,73553.63977547787,,5410137924.22076,unknown,unknown,,,,,xgboost_large_scale_train_v6,XGBoost-only training on test_v1_train_v6 (5M samples),per_county,30055.0,tiny,23.0,23.0,23.0
xgboost,,,,,,0.3837565065170525,41859.74811197917,60834.58273708993,,3700846456.7958403,unknown,unknown,,,,,xgboost_large_scale_train_v6,XGBoost-only training on test_v1_train_v6 (5M samples),per_county,21147.0,small,180.0,177.0,177.0
xgboost,,,,,,0.5071118733092204,45007.866601562506,66690.297852013,,4447595827.590209,unknown,unknown,,,,,xgboost_large_scale_train_v6,XGBoost-only training on test_v1_train_v6 (5M samples),per_county,22081.0,small,120.0,119.0,119.0
xgboost,,,,,,0.46565866947544077,55303.327414772735,82063.95544423563,,6734492783.153491,unknown,unknown,,,,,xgboost_large_scale_train_v6,XGBoost-only training on test_v1_train_v6 (5M samples),per_county,28095.0,small,209.0,208.0,208.0
xgboost,,,,,,0.5487757026339293,45743.90301724138,74839.84094012748,,5601001791.943582,unknown,unknown,,,,,xgboost_large_scale_train_v6,XGBoost-only training on test_v1_train_v6 (5M samples),per_county,38039.0,small,87.0,87.0,87.0
xgboost,,,,,,0.17909723942135347,85653.04808992348,138017.32565091347,,19048782179.8303,unknown,unknown,,,,,xgboost_large_scale_train_v6,XGBoost-only training on test_v1_train_v6 (5M samples),per_county,16077.0,small,196.0,196.0,196.0
xgboost,,,,,,0.31605063216093254,39198.24264204544,67073.15387692419,,4498807970.997551,unknown,unknown,,,,,xgboost_large_scale_train_v6,XGBoost-only training on test_v1_train_v6 (5M samples),per_county,48437.0,small,88.0,87.0,87.0
xgboost,,,,,,0.18242681327725785,143203.13027108434,307799.1651650215,,94740326076.28418,unknown,unknown,,,,,xgboost_large_scale_train_v6,XGBoost-only training on test_v1_train_v6 (5M samples),per_county,1085.0,small,83.0,82.0,82.0
xgboost,,,,,,0.20321486155492918,137235.1505493421,197817.390972999,,39131720171.36435,unknown,unknown,,,,,xgboost_large_scale_train_v6,XGBoost-only training on test_v1_train_v6 (5M samples),per_county,2220.0,small,190.0,190.0,190.0
xgboost,,,,,,0.5045452343740195,92631.69155339806,151539.93476578238,,22964351828.81758,unknown,unknown,,,,,xgboost_large_scale_train_v6,XGBoost-only training on test_v1_train_v6 (5M samples),per_county,30027.0,small,206.0,206.0,206.0
xgboost,,,,,,0.2838702566938759,82489.17199309595,191259.47713786605,,36580187595.049904,unknown,unknown,,,,,xgboost_large_scale_train_v6,XGBoost-only training on test_v1_train_v6 (5M samples),per_county,13193.0,small,215.0,214.0,214.0
xgboost,,,,,,0.10453914059419434,48971.03375799006,99926.104416124,,9985226343.782116,unknown,unknown,,,,,xgboost_large_scale_train_v6,XGBoost-only training on test_v1_train_v6 (5M samples),per_county,21051.0,small,88.0,86.0,86.0
xgboost,,,,,,0.25292366287724655,59804.32483258932,165451.91246546654,,27374335338.480396,unknown,unknown,,,,,xgboost_large_scale_train_v6,XGBoost-only training on test_v1_train_v6 (5M samples),per_county,13309.0,small,70.0,69.0,69.0
xgboost,,,,,,0.4780486305506614,51093.88872438524,73627.46979437217,,5421004308.321187,unknown,unknown,,,,,xgboost_large_scale_train_v6,XGBoost-only training on test_v1_train_v6 (5M samples),per_county,48211.0,small,61.0,61.0,61.0
xgboost,,,,,,0.2064036567508708,62140.177201704544,99705.73395541505,,9941233383.588005,unknown,unknown,,,,,xgboost_large_scale_train_v6,XGBoost-only training on test_v1_train_v6 (5M samples),per_county,38047.0,small,77.0,76.0,76.0
xgboost,,,,,,0.46776304210880304,52363.220597067026,80063.53474555362,,6410169595.952472,unknown,unknown,,,,,xgboost_large_scale_train_v6,XGBoost-only training on test_v1_train_v6 (5M samples),per_county,38021.0,small,179.0,178.0,178.0
xgboost,,,,,,0.17922923269740387,46494.33645572918,66503.37758681386,,4422699230.454336,unknown,unknown,,,,,xgboost_large_scale_train_v6,XGBoost-only training on test_v1_train_v6 (5M samples),per_county,48495.0,small,120.0,119.0,119.0
xgboost,,,,,,0.3546472192180814,40956.67999131943,76930.85001633324,,5918355684.23556,unknown,unknown,,,,,xgboost_large_scale_train_v6,XGBoost-only training on test_v1_train_v6 (5M samples),per_county,17047.0,small,90.0,87.0,87.0
xgboost,,,,,,0.5346010636388417,130322.65803571431,209743.39150475062,,43992290279.91509,unknown,unknown,,,,,xgboost_large_scale_train_v6,XGBoost-only training on test_v1_train_v6 (5M samples),per_county,51025.0,small,175.0,174.0,174.0
xgboost,,,,,,0.5154654823851013,47068.76747532893,128781.85401946853,,16584765924.691704,unknown,unknown,,,,,xgboost_large_scale_train_v6,XGBoost-only training on test_v1_train_v6 (5M samples),per_county,31133.0,small,57.0,57.0,57.0
xgboost,,,,,,0.5137360996171834,33632.10625448993,56942.727884241416,,3242474258.898765,unknown,unknown,,,,,xgboost_large_scale_train_v6,XGBoost-only training on test_v1_train_v6 (5M samples),per_county,31069.0,small,87.0,87.0,87.0
xgboost,,,,,,0.2076860770174921,69898.74068509616,115197.44331442025,,13270450946.179066,unknown,unknown,,,,,xgboost_large_scale_train_v6,XGBoost-only training on test_v1_train_v6 (5M samples),per_county,1131.0,small,156.0,155.0,155.0
xgboost,,,,,,0.5126522955601397,91272.56697773974,159883.3072753831,,25562671945.314568,unknown,unknown,,,,,xgboost_large_scale_train_v6,XGBoost-only training on test_v1_train_v6 (5M samples),per_county,56035.0,small,219.0,219.0,219.0
xgboost,,,,,,0.6365511659507501,40352.71974885845,58635.99814721492,,3438180278.7201915,unknown,unknown,,,,,xgboost_large_scale_train_v6,XGBoost-only training on test_v1_train_v6 (5M samples),per_county,27167.0,small,219.0,218.0,218.0
xgboost,,,,,,0.21151608017061196,53723.555758304195,124267.38005272803,,15442381745.169147,unknown,unknown,,,,,xgboost_large_scale_train_v6,XGBoost-only training on test_v1_train_v6 (5M samples),per_county,30101.0,small,143.0,143.0,143.0
xgboost,,,,,,0.20176248738544156,77053.22052304965,136814.57442977655,,18718227776.400864,unknown,unknown,,,,,xgboost_large_scale_train_v6,XGBoost-only training on test_v1_train_v6 (5M samples),per_county,1029.0,small,141.0,140.0,140.0
xgboost,,,,,,0.2594672732508527,58900.103459002305,81414.05745252126,,6628248750.882432,unknown,unknown,,,,,xgboost_large_scale_train_v6,XGBoost-only training on test_v1_train_v6 (5M samples),per_county,48419.0,small,218.0,215.0,215.0
xgboost,,,,,,0.5420701013850664,46910.2999963493,75365.90925908553,,5680020278.448714,unknown,unknown,,,,,xgboost_large_scale_train_v6,XGBoost-only training on test_v1_train_v6 (5M samples),per_county,13209.0,small,214.0,214.0,214.0
xgboost,,,,,,0.2748645071603846,81384.47898787314,145692.64527601312,,21226346887.52219,unknown,unknown,,,,,xgboost_large_scale_train_v6,XGBoost-only training on test_v1_train_v6 (5M samples),per_county,30059.0,small,67.0,67.0,67.0
xgboost,,,,,,0.685794472145856,28802.88287450397,37102.60771020802,,1376603498.897588,unknown,unknown,,,,,xgboost_large_scale_train_v6,XGBoost-only training on test_v1_train_v6 (5M samples),per_county,27069.0,small,63.0,62.0,62.0
xgboost,,,,,,0.43242203902482224,44356.99026241029,67966.85658513822,,4619493594.064747,unknown,unknown,,,,,xgboost_large_scale_train_v6,XGBoost-only training on test_v1_train_v6 (5M samples),per_county,31035.0,small,209.0,208.0,208.0
xgboost,,,,,,0.5367417545594535,37430.23201407967,59036.742960075026,,3485337019.333968,unknown,unknown,,,,,xgboost_large_scale_train_v6,XGBoost-only training on test_v1_train_v6 (5M samples),per_county,31003.0,small,182.0,182.0,182.0
xgboost,,,,,,0.3680924341652454,57171.840800034166,83159.04177841611,,6915426229.504357,unknown,unknown,,,,,xgboost_large_scale_train_v6,XGBoost-only training on test_v1_train_v6 (5M samples),per_county,48313.0,small,183.0,182.0,182.0
xgboost,,,,,,0.7576443065041827,28076.07195621906,37580.86406499227,,1412321343.871427,unknown,unknown,,,,,xgboost_large_scale_train_v6,XGBoost-only training on test_v1_train_v6 (5M samples),per_county,40003.0,small,101.0,101.0,101.0
xgboost,,,,,,0.29335117126057153,51482.85565878379,74957.83805889655,,5618677486.46376,unknown,unknown,,,,,xgboost_large_scale_train_v6,XGBoost-only training on test_v1_train_v6 (5M samples),per_county,48505.0,small,74.0,74.0,74.0
xgboost,,,,,,0.03213718936145937,88208.37123054717,190426.19647175184,,36262136302.698235,unknown,unknown,,,,,xgboost_large_scale_train_v6,XGBoost-only training on test_v1_train_v6 (5M samples),per_county,28123.0,small,249.0,249.0,249.0
xgboost,,,,,,0.02774595233420918,113611.50924744917,230832.13610841834,,53283475060.37537,unknown,unknown,,,,,xgboost_large_scale_train_v6,XGBoost-only training on test_v1_train_v6 (5M samples),per_county,36061.0,small,245.0,245.0,245.0
xgboost,,,,,,0.49445580725158633,38642.40240526575,71651.86852194705,,5133990262.686387,unknown,unknown,,,,,xgboost_large_scale_train_v6,XGBoost-only training on test_v1_train_v6 (5M samples),per_county,54009.0,small,127.0,126.0,126.0
xgboost,,,,,,0.5901861620607265,37043.311131386865,51029.72559404874,,2604032894.2039127,unknown,unknown,,,,,xgboost_large_scale_train_v6,XGBoost-only training on test_v1_train_v6 (5M samples),per_county,17009.0,small,137.0,136.0,136.0
xgboost,,,,,,0.35449996540631,93292.37456349209,112375.28399638971,,12628204453.269241,unknown,unknown,,,,,xgboost_large_scale_train_v6,XGBoost-only training on test_v1_train_v6 (5M samples),per_county,16025.0,small,63.0,63.0,63.0
xgboost,,,,,,0.30869724317682745,61040.90952845982,136320.0094786794,,18583144984.267242,unknown,unknown,,,,,xgboost_large_scale_train_v6,XGBoost-only training on test_v1_train_v6 (5M samples),per_county,22065.0,small,168.0,165.0,165.0
xgboost,,,,,,0.6392991087053264,29959.193359375,38363.1483044018,,1471731147.825527,unknown,unknown,,,,,xgboost_large_scale_train_v6,XGBoost-only training on test_v1_train_v6 (5M samples),per_county,17065.0,small,170.0,168.0,168.0
xgboost,,,,,,0.43424743906792185,46060.33467662185,115962.02972217354,,13447192337.28626,unknown,unknown,,,,,xgboost_large_scale_train_v6,XGBoost-only training on test_v1_train_v6 (5M samples),per_county,27011.0,small,237.0,237.0,237.0
xgboost,,,,,,0.4163885798304223,84514.86130878713,157685.63206908302,,24864758561.026222,unknown,unknown,,,,,xgboost_large_scale_train_v6,XGBoost-only training on test_v1_train_v6 (5M samples),per_county,8057.0,small,101.0,97.0,97.0
xgboost,,,,,,0.5360796786404289,107422.71748097827,177705.54491221477,,31579260692.54718,unknown,unknown,,,,,xgboost_large_scale_train_v6,XGBoost-only training on test_v1_train_v6 (5M samples),per_county,16037.0,small,115.0,113.0,113.0
xgboost,,,,,,0.3005130680666842,145778.5321875,211166.78395585998,,44591410646.26085,unknown,unknown,,,,,xgboost_large_scale_train_v6,XGBoost-only training on test_v1_train_v6 (5M samples),per_county,16015.0,small,137.0,136.0,136.0
xgboost,,,,,,0.2598371744734089,73930.51191358024,114848.88191344401,,13190265676.768206,unknown,unknown,,,,,xgboost_large_scale_train_v6,XGBoost-only training on test_v1_train_v6 (5M samples),per_county,48405.0,small,81.0,80.0,80.0
xgboost,,,,,,0.7218408677224819,64178.01448170734,130648.39091417812,,17069002048.4639,unknown,unknown,,,,,xgboost_large_scale_train_v6,XGBoost-only training on test_v1_train_v6 (5M samples),per_county,1123.0,small,205.0,204.0,204.0
xgboost,,,,,,0.36592376278249195,53149.09613715278,90285.94210099133,,8151551341.06356,unknown,unknown,,,,,xgboost_large_scale_train_v6,XGBoost-only training on test_v1_train_v6 (5M samples),per_county,54085.0,small,72.0,72.0,72.0
xgboost,,,,,,0.198253613528813,51283.3466745205,148084.4852032814,,21929014757.920864,unknown,unknown,,,,,xgboost_large_scale_train_v6,XGBoost-only training on test_v1_train_v6 (5M samples),per_county,31123.0,small,189.0,187.0,187.0
xgboost,,,,,,0.1055536066428473,58740.581015625,148121.91706007635,,21940102313.552135,unknown,unknown,,,,,xgboost_large_scale_train_v6,XGBoost-only training on test_v1_train_v6 (5M samples),per_county,13319.0,small,175.0,174.0,174.0
xgboost,,,,,,0.7192731411697519,32343.761094281468,44468.890368174194,,1977482210.5766954,unknown,unknown,,,,,xgboost_large_scale_train_v6,XGBoost-only training on test_v1_train_v6 (5M samples),per_county,31125.0,small,147.0,147.0,147.0
xgboost,,,,,,0.5100324659169668,36505.43884375002,73186.09925281128,,5356205123.842345,unknown,unknown,,,,,xgboost_large_scale_train_v6,XGBoost-only training on test_v1_train_v6 (5M samples),per_county,40033.0,small,125.0,124.0,124.0
xgboost,,,,,,0.4545617735156846,42584.150377859485,63703.94170773689,,4058192189.1027403,unknown,unknown,,,,,xgboost_large_scale_train_v6,XGBoost-only training on test_v1_train_v6 (5M samples),per_county,51530.0,small,153.0,153.0,153.0
xgboost,,,,,,0.61622015474916,44957.06624571919,64052.17048422623,,4102680543.740382,unknown,unknown,,,,,xgboost_large_scale_train_v6,XGBoost-only training on test_v1_train_v6 (5M samples),per_county,31135.0,small,146.0,145.0,145.0
xgboost,,,,,,0.413847055790762,78180.03241888662,110503.02515264093,,12210918567.885195,unknown,unknown,,,,,xgboost_large_scale_train_v6,XGBoost-only training on test_v1_train_v6 (5M samples),per_county,16035.0,small,183.0,181.0,181.0
xgboost,,,,,,0.11578404138436893,61428.69471153846,85137.24748423947,,7248350909.192639,unknown,unknown,,,,,xgboost_large_scale_train_v6,XGBoost-only training on test_v1_train_v6 (5M samples),per_county,13301.0,small,91.0,89.0,89.0
xgboost,,,,,,0.6231576342863306,30278.965202121555,47555.449174534726,,2261520746.191756,unknown,unknown,,,,,xgboost_large_scale_train_v6,XGBoost-only training on test_v1_train_v6 (5M samples),per_county,31077.0,small,109.0,108.0,108.0
xgboost,,,,,,0.34792100657483205,68160.01352660125,176140.76379628736,,31025568670.739494,unknown,unknown,,,,,xgboost_large_scale_train_v6,XGBoost-only training on test_v1_train_v6 (5M samples),per_county,13315.0,small,121.0,120.0,120.0
xgboost,,,,,,0.39693420141176694,68819.10669052867,135227.10614828105,,18286370237.23847,unknown,unknown,,,,,xgboost_large_scale_train_v6,XGBoost-only training on test_v1_train_v6 (5M samples),per_county,41025.0,small,227.0,224.0,224.0
xgboost,,,,,,0.5399300643481011,57759.95327330511,76594.96576059617,,5866788779.8668995,unknown,unknown,,,,,xgboost_large_scale_train_v6,XGBoost-only training on test_v1_train_v6 (5M samples),per_county,49013.0,small,236.0,235.0,235.0
xgboost,,,,,,-0.7367417256633035,52027.57345448368,83765.43554970276,,7016648192.831408,unknown,unknown,,,,,xgboost_large_scale_train_v6,XGBoost-only training on test_v1_train_v6 (5M samples),per_county,38037.0,small,69.0,69.0,69.0
xgboost,,,,,,0.26906404319878385,66393.9158091518,107219.45873875491,,11496012332.231567,unknown,unknown,,,,,xgboost_large_scale_train_v6,XGBoost-only training on test_v1_train_v6 (5M samples),per_county,29137.0,small,168.0,168.0,168.0
xgboost,,,,,,0.3138209849681407,46278.490079365096,61851.630555138516,,3825624202.3293443,unknown,unknown,,,,,xgboost_large_scale_train_v6,XGBoost-only training on test_v1_train_v6 (5M samples),per_county,21011.0,small,126.0,125.0,125.0
xgboost,,,,,,-1.319809441284571,71852.1481193439,99495.39410778446,,9899333448.663351,unknown,unknown,,,,,xgboost_large_scale_train_v6,XGBoost-only training on test_v1_train_v6 (5M samples),per_county,21165.0,small,221.0,221.0,221.0
xgboost,,,,,,0.705500592215368,41182.09383877841,64999.78903680487,,4224972574.8291388,unknown,unknown,,,,,xgboost_large_scale_train_v6,XGBoost-only training on test_v1_train_v6 (5M samples),per_county,40067.0,small,66.0,64.0,64.0
xgboost,,,,,,0.44566180909883424,65513.68497077338,100449.499864561,,10090102023.04044,unknown,unknown,,,,,xgboost_large_scale_train_v6,XGBoost-only training on test_v1_train_v6 (5M samples),per_county,51097.0,small,139.0,139.0,139.0
xgboost,,,,,,0.3572380180909239,59546.35666830709,89806.52217347485,,8065211424.894829,unknown,unknown,,,,,xgboost_large_scale_train_v6,XGBoost-only training on test_v1_train_v6 (5M samples),per_county,27077.0,small,127.0,126.0,126.0
xgboost,,,,,,0.21462258340760065,59737.05488855699,124622.08365430217,,15530663734.33989,unknown,unknown,,,,,xgboost_large_scale_train_v6,XGBoost-only training on test_v1_train_v6 (5M samples),per_county,38011.0,small,136.0,135.0,135.0
xgboost,,,,,,0.47739627274297836,60891.43038043478,84212.17647151851,,7091690666.070175,unknown,unknown,,,,,xgboost_large_scale_train_v6,XGBoost-only training on test_v1_train_v6 (5M samples),per_county,16023.0,small,69.0,69.0,69.0
xgboost,,,,,,0.36641133399263726,58649.248429687505,122214.75486158556,,14936446305.877453,unknown,unknown,,,,,xgboost_large_scale_train_v6,XGBoost-only training on test_v1_train_v6 (5M samples),per_county,30073.0,small,160.0,158.0,158.0
xgboost,,,,,,0.6009810836892406,43153.00817871094,51745.77960207454,,2677625706.626473,unknown,unknown,,,,,xgboost_large_scale_train_v6,XGBoost-only training on test_v1_train_v6 (5M samples),per_county,29071.0,small,64.0,63.0,63.0
xgboost,,,,,,0.4184740811644101,92140.78263454858,118738.37881522723,,14098802603.668402,unknown,unknown,,,,,xgboost_large_scale_train_v6,XGBoost-only training on test_v1_train_v6 (5M samples),per_county,48031.0,small,144.0,144.0,144.0
xgboost,,,,,,0.330996001226447,55645.64516782408,111818.0477593533,,12503275804.713017,unknown,unknown,,,,,xgboost_large_scale_train_v6,XGBoost-only training on test_v1_train_v6 (5M samples),per_county,13287.0,small,135.0,134.0,134.0
xgboost,,,,,,-1.2152897798921227,42032.39885602678,101983.87515421378,,10400710791.470263,unknown,unknown,,,,,xgboost_large_scale_train_v6,XGBoost-only training on test_v1_train_v6 (5M samples),per_county,17071.0,small,154.0,153.0,153.0
xgboost,,,,,,0.2615269227764344,57448.28303039966,127611.48474716643,,16284691039.37629,unknown,unknown,,,,,xgboost_large_scale_train_v6,XGBoost-only training on test_v1_train_v6 (5M samples),per_county,13263.0,small,147.0,142.0,142.0
xgboost,,,,,,0.5922102361733405,34778.87303511425,48431.98318839292,,2345656995.560775,unknown,unknown,,,,,xgboost_large_scale_train_v6,XGBoost-only training on test_v1_train_v6 (5M samples),per_county,48399.0,small,186.0,186.0,186.0
xgboost,,,,,,0.4609432461352243,90253.31065819302,142332.15127857222,,20258441287.58637,unknown,unknown,,,,,xgboost_large_scale_train_v6,XGBoost-only training on test_v1_train_v6 (5M samples),per_county,21053.0,small,193.0,192.0,192.0
xgboost,,,,,,0.5022395633246501,46935.076886837116,72927.92311266434,,5318481969.526682,unknown,unknown,,,,,xgboost_large_scale_train_v6,XGBoost-only training on test_v1_train_v6 (5M samples),per_county,48131.0,small,66.0,66.0,66.0
xgboost,,,,,,0.3528683804898788,51108.65670355904,80965.95901541662,,6555486519.286125,unknown,unknown,,,,,xgboost_large_scale_train_v6,XGBoost-only training on test_v1_train_v6 (5M samples),per_county,48065.0,small,216.0,216.0,216.0
xgboost,,,,,,0.47581722690362815,120322.12411077245,213771.0735569125,,45698071889.6749,unknown,unknown,,,,,xgboost_large_scale_train_v6,XGBoost-only training on test_v1_train_v6 (5M samples),per_county,8079.0,small,123.0,123.0,123.0
xgboost,,,,,,0.38182863174916204,77151.75284975163,117617.52247958608,,13833881594.235939,unknown,unknown,,,,,xgboost_large_scale_train_v6,XGBoost-only training on test_v1_train_v6 (5M samples),per_county,16063.0,small,151.0,150.0,150.0
xgboost,,,,,,0.23242308220125762,47218.29852764423,139763.2110232878,,19533755155.540073,unknown,unknown,,,,,xgboost_large_scale_train_v6,XGBoost-only training on test_v1_train_v6 (5M samples),per_county,17059.0,small,78.0,77.0,77.0
xgboost,,,,,,0.32534467776909215,44686.742579693775,94014.77318387029,,8838777576.814575,unknown,unknown,,,,,xgboost_large_scale_train_v6,XGBoost-only training on test_v1_train_v6 (5M samples),per_county,1013.0,small,249.0,248.0,248.0
xgboost,,,,,,0.13981010310824704,124145.9433769273,177622.70688660257,,31549826001.723934,unknown,unknown,,,,,xgboost_large_scale_train_v6,XGBoost-only training on test_v1_train_v6 (5M samples),per_county,2130.0,small,227.0,227.0,227.0
xgboost,,,,,,0.19079322613914795,91357.77926377118,191648.1630482117,,36729018399.75393,unknown,unknown,,,,,xgboost_large_scale_train_v6,XGBoost-only training on test_v1_train_v6 (5M samples),per_county,38083.0,small,59.0,58.0,58.0
xgboost,,,,,,-0.10147505663706591,121212.28853898203,279137.8021602303,,77917912594.84387,unknown,unknown,,,,,xgboost_large_scale_train_v6,XGBoost-only training on test_v1_train_v6 (5M samples),per_county,5147.0,small,194.0,193.0,193.0
xgboost,,,,,,0.19979441000242648,70322.91333180148,174797.84910365724,,30554288051.264923,unknown,unknown,,,,,xgboost_large_scale_train_v6,XGBoost-only training on test_v1_train_v6 (5M samples),per_county,38029.0,small,102.0,101.0,101.0
xgboost,,,,,,0.5218825075467164,50573.45055536685,100092.46218185982,,10018500985.627039,unknown,unknown,,,,,xgboost_large_scale_train_v6,XGBoost-only training on test_v1_train_v6 (5M samples),per_county,20197.0,small,184.0,184.0,184.0
xgboost,,,,,,0.4037601863049729,63925.97313362729,91466.77781284682,,8366171443.464688,unknown,unknown,,,,,xgboost_large_scale_train_v6,XGBoost-only training on test_v1_train_v6 (5M samples),per_county,29179.0,small,163.0,163.0,163.0
xgboost,,,,,,0.20653619063681372,102038.28251815027,149118.05750212955,,22236195073.208416,unknown,unknown,,,,,xgboost_large_scale_train_v6,XGBoost-only training on test_v1_train_v6 (5M samples),per_county,29153.0,small,198.0,197.0,197.0
xgboost,,,,,,0.1733548116915592,40261.05230158025,64641.07717684097,,4178468858.5823107,unknown,unknown,,,,,xgboost_large_scale_train_v6,XGBoost-only training on test_v1_train_v6 (5M samples),per_county,40055.0,small,176.0,175.0,175.0
xgboost,,,,,,0.15872665143888898,101487.26701688218,202689.3332280786,,41082965804.44309,unknown,unknown,,,,,xgboost_large_scale_train_v6,XGBoost-only training on test_v1_train_v6 (5M samples),per_county,38043.0,small,87.0,86.0,86.0
xgboost,,,,,,0.5112770583845326,43724.219446656054,88365.71468364116,,7808499531.550675,unknown,unknown,,,,,xgboost_large_scale_train_v6,XGBoost-only training on test_v1_train_v6 (5M samples),per_county,5077.0,small,157.0,157.0,157.0
xgboost,,,,,,0.21971881823886175,79528.00196493905,146952.86530291772,,21595144620.737476,unknown,unknown,,,,,xgboost_large_scale_train_v6,XGBoost-only training on test_v1_train_v6 (5M samples),per_county,35053.0,small,205.0,204.0,204.0
xgboost,,,,,,0.35246799154574227,62056.75164999999,98122.98361389834,,9628119913.293362,unknown,unknown,,,,,xgboost_large_scale_train_v6,XGBoost-only training on test_v1_train_v6 (5M samples),per_county,48193.0,small,200.0,200.0,200.0
xgboost,,,,,,0.06516103649597227,65211.10218131188,161995.07218405118,,26242403411.915955,unknown,unknown,,,,,xgboost_large_scale_train_v6,XGBoost-only training on test_v1_train_v6 (5M samples),per_county,5013.0,small,101.0,100.0,100.0
xgboost,,,,,,0.19592730257967816,64576.02301258993,94283.19263750507,,8889320413.920889,unknown,unknown,,,,,xgboost_large_scale_train_v6,XGBoost-only training on test_v1_train_v6 (5M samples),per_county,48387.0,small,139.0,139.0,139.0
xgboost,,,,,,0.2741344347222332,60392.85398204293,109407.27437687937,,11969951686.577765,unknown,unknown,,,,,xgboost_large_scale_train_v6,XGBoost-only training on test_v1_train_v6 (5M samples),per_county,12047.0,small,134.0,130.0,130.0
xgboost,,,,,,0.12892490189782746,39819.879009955745,63069.411365263324,,3977750649.960807,unknown,unknown,,,,,xgboost_large_scale_train_v6,XGBoost-only training on test_v1_train_v6 (5M samples),per_county,13167.0,small,113.0,112.0,112.0
xgboost,,,,,,0.12333612074578326,90800.35298859132,257521.06110584014,,66317096913.07786,unknown,unknown,,,,,xgboost_large_scale_train_v6,XGBoost-only training on test_v1_train_v6 (5M samples),per_county,40107.0,small,189.0,189.0,189.0
xgboost,,,,,,0.398088742668102,67188.57176621836,114780.67274423498,,13174602835.619165,unknown,unknown,,,,,xgboost_large_scale_train_v6,XGBoost-only training on test_v1_train_v6 (5M samples),per_county,47055.0,medium,1185.0,1184.0,1184.0
xgboost,,,,,,0.32800162199729066,57736.84077764146,113168.99632388006,,12807221728.954378,unknown,unknown,,,,,xgboost_large_scale_train_v6,XGBoost-only training on test_v1_train_v6 (5M samples),per_county,29007.0,medium,866.0,864.0,864.0
xgboost,,,,,,0.4082538785983745,83314.88150890262,132135.31120997196,,17459740468.55614,unknown,unknown,,,,,xgboost_large_scale_train_v6,XGBoost-only training on test_v1_train_v6 (5M samples),per_county,51187.0,medium,1720.0,1718.0,1718.0
xgboost,,,,,,0.5609582346158708,148706.4050649579,238076.83589346384,,56680579789.04331,unknown,unknown,,,,,xgboost_large_scale_train_v6,XGBoost-only training on test_v1_train_v6 (5M samples),per_county,51157.0,medium,356.0,354.0,354.0
xgboost,,,,,,0.6890293571260946,44705.683853877636,60744.42001840484,,3689884563.3723826,unknown,unknown,,,,,xgboost_large_scale_train_v6,XGBoost-only training on test_v1_train_v6 (5M samples),per_county,4009.0,medium,901.0,900.0,900.0
xgboost,,,,,,0.39276881154504784,73823.1235112774,117252.3459137826,,13748112622.285332,unknown,unknown,,,,,xgboost_large_scale_train_v6,XGBoost-only training on test_v1_train_v6 (5M samples),per_county,48035.0,medium,593.0,591.0,591.0
xgboost,,,,,,0.5876253711419289,184824.49245106772,241767.21463810734,,58451386073.86866,unknown,unknown,,,,,xgboost_large_scale_train_v6,XGBoost-only training on test_v1_train_v6 (5M samples),per_county,16013.0,medium,281.0,281.0,281.0
xgboost,,,,,,0.4443487535142917,60024.5861328125,100819.7323115986,,10164618423.382397,unknown,unknown,,,,,xgboost_large_scale_train_v6,XGBoost-only training on test_v1_train_v6 (5M samples),per_county,40021.0,medium,1820.0,1814.0,1814.0
xgboost,,,,,,0.5220762189861329,48665.32782560727,84326.66473207386,,7110986384.835588,unknown,unknown,,,,,xgboost_large_scale_train_v6,XGBoost-only training on test_v1_train_v6 (5M samples),per_county,26051.0,medium,1657.0,1647.0,1647.0
xgboost,,,,,,0.16851848578995732,156019.73605729168,248271.99475855078,,61638983381.38987,unknown,unknown,,,,,xgboost_large_scale_train_v6,XGBoost-only training on test_v1_train_v6 (5M samples),per_county,29209.0,medium,930.0,925.0,925.0
xgboost,,,,,,0.7607032736482287,92641.44916735198,135505.92743930008,,18361856371.184856,unknown,unknown,,,,,xgboost_large_scale_train_v6,XGBoost-only training on test_v1_train_v6 (5M samples),per_county,51133.0,medium,684.0,681.0,681.0
xgboost,,,,,,0.177991239088367,77683.51273590687,175270.73798557682,,30719831594.008724,unknown,unknown,,,,,xgboost_large_scale_train_v6,XGBoost-only training on test_v1_train_v6 (5M samples),per_county,40135.0,medium,1275.0,1269.0,1269.0
xgboost,,,,,,0.532032807500552,60274.78790274966,109146.00016226993,,11912849351.422228,unknown,unknown,,,,,xgboost_large_scale_train_v6,XGBoost-only training on test_v1_train_v6 (5M samples),per_county,21195.0,medium,741.0,741.0,741.0
xgboost,,,,,,0.5542133005422876,46345.72927965943,79509.95215337783,,6321832491.432432,unknown,unknown,,,,,xgboost_large_scale_train_v6,XGBoost-only training on test_v1_train_v6 (5M samples),per_county,18113.0,medium,1670.0,1669.0,1669.0
xgboost,,,,,,0.4617867951787885,63149.09787248769,107600.60453199281,,11577890095.65031,unknown,unknown,,,,,xgboost_large_scale_train_v6,XGBoost-only training on test_v1_train_v6 (5M samples),per_county,48049.0,medium,1219.0,1217.0,1217.0
xgboost,,,,,,0.49742587457682097,114467.07157199182,179284.80352113993,,32143040773.613743,unknown,unknown,,,,,xgboost_large_scale_train_v6,XGBoost-only training on test_v1_train_v6 (5M samples),per_county,41015.0,medium,1070.0,1068.0,1068.0
xgboost,,,,,,0.4109477975199055,51705.19647364701,75190.57903864319,,5653623176.16645,unknown,unknown,,,,,xgboost_large_scale_train_v6,XGBoost-only training on test_v1_train_v6 (5M samples),per_county,5103.0,medium,619.0,618.0,618.0
xgboost,,,,,,0.4815063876078648,60444.646588820186,101692.40432255634,,10341345096.902275,unknown,unknown,,,,,xgboost_large_scale_train_v6,XGBoost-only training on test_v1_train_v6 (5M samples),per_county,47079.0,medium,1496.0,1487.0,1487.0
xgboost,,,,,,0.14758600689474655,78380.17695932541,185359.3151028203,,34358075695.38663,unknown,unknown,,,,,xgboost_large_scale_train_v6,XGBoost-only training on test_v1_train_v6 (5M samples),per_county,12041.0,medium,630.0,629.0,629.0
xgboost,,,,,,0.603021217950461,47507.61795112782,82173.40352322393,,6752468246.590591,unknown,unknown,,,,,xgboost_large_scale_train_v6,XGBoost-only training on test_v1_train_v6 (5M samples),per_county,55081.0,medium,1596.0,1592.0,1592.0
xgboost,,,,,,0.3920350789354329,56248.90260895509,115155.82004326471,,13260862889.836767,unknown,unknown,,,,,xgboost_large_scale_train_v6,XGBoost-only training on test_v1_train_v6 (5M samples),per_county,5063.0,medium,1414.0,1414.0,1414.0
xgboost,,,,,,0.0052414930587482145,68728.0921862599,137645.1108132045,,18946176530.779343,unknown,unknown,,,,,xgboost_large_scale_train_v6,XGBoost-only training on test_v1_train_v6 (5M samples),per_county,48343.0,medium,252.0,251.0,251.0
xgboost,,,,,,0.3424323811768879,89173.47820378152,154418.14986145223,,23844965006.633923,unknown,unknown,,,,,xgboost_large_scale_train_v6,XGBoost-only training on test_v1_train_v6 (5M samples),per_county,47061.0,medium,595.0,594.0,594.0
xgboost,,,,,,0.3931154356383435,56164.31342899356,118706.19767595301,,14091161366.68243,unknown,unknown,,,,,xgboost_large_scale_train_v6,XGBoost-only training on test_v1_train_v6 (5M samples),per_county,28141.0,medium,349.0,349.0,349.0
xgboost,,,,,,0.3172134858210174,45672.73074383803,94691.60296319674,,8966499671.739689,unknown,unknown,,,,,xgboost_large_scale_train_v6,XGBoost-only training on test_v1_train_v6 (5M samples),per_county,54097.0,medium,355.0,355.0,355.0
xgboost,,,,,,0.11804080588775523,140004.94709870598,189147.36489318628,,35776725646.03616,unknown,unknown,,,,,xgboost_large_scale_train_v6,XGBoost-only training on test_v1_train_v6 (5M samples),per_county,48171.0,medium,454.0,449.0,449.0
xgboost,,,,,,0.07604995888857868,59548.79538211064,96849.64160267064,,9379853078.565752,unknown,unknown,,,,,xgboost_large_scale_train_v6,XGBoost-only training on test_v1_train_v6 (5M samples),per_county,21001.0,medium,679.0,678.0,678.0
xgboost,,,,,,0.4358897193565736,51084.88661766405,89458.97933669135,,8002908983.962569,unknown,unknown,,,,,xgboost_large_scale_train_v6,XGBoost-only training on test_v1_train_v6 (5M samples),per_county,39167.0,medium,2164.0,2161.0,2161.0
xgboost,,,,,,0.565111900666181,74370.27850149153,116267.23618776252,,13518070210.740955,unknown,unknown,,,,,xgboost_large_scale_train_v6,XGBoost-only training on test_v1_train_v6 (5M samples),per_county,55013.0,medium,1299.0,1297.0,1297.0
xgboost,,,,,,0.3417667386367167,44479.48388107904,119216.53556976786,,14212582353.257727,unknown,unknown,,,,,xgboost_large_scale_train_v6,XGBoost-only training on test_v1_train_v6 (5M samples),per_county,17137.0,medium,1645.0,1645.0,1645.0
xgboost,,,,,,0.4773654701860134,64018.116075965445,96259.17675594037,,9265829109.73137,unknown,unknown,,,,,xgboost_large_scale_train_v6,XGBoost-only training on test_v1_train_v6 (5M samples),per_county,51033.0,medium,1230.0,1225.0,1225.0
xgboost,,,,,,0.38997635316223367,97793.0616554054,148724.8052961032,,22119067710.36381,unknown,unknown,,,,,xgboost_large_scale_train_v6,XGBoost-only training on test_v1_train_v6 (5M samples),per_county,22075.0,medium,370.0,369.0,369.0
xgboost,,,,,,0.5021327394832187,54537.17894867297,111518.67006454722,,12436413772.965338,unknown,unknown,,,,,xgboost_large_scale_train_v6,XGBoost-only training on test_v1_train_v6 (5M samples),per_county,31141.0,medium,1639.0,1638.0,1638.0
xgboost,,,,,,0.5097103418070552,39603.507689901264,71169.58312971114,,5065109562.856865,unknown,unknown,,,,,xgboost_large_scale_train_v6,XGBoost-only training on test_v1_train_v6 (5M samples),per_county,19029.0,medium,462.0,461.0,461.0
xgboost,,,,,,0.16073316931900672,69450.45893149255,161240.62149055194,,25998538018.659443,unknown,unknown,,,,,xgboost_large_scale_train_v6,XGBoost-only training on test_v1_train_v6 (5M samples),per_county,47017.0,medium,1108.0,1107.0,1107.0
xgboost,,,,,,0.22523818044290533,56153.67840647235,98273.80328057903,,9657740411.229946,unknown,unknown,,,,,xgboost_large_scale_train_v6,XGBoost-only training on test_v1_train_v6 (5M samples),per_county,51105.0,medium,773.0,773.0,773.0
xgboost,,,,,,0.6473871280579682,38851.20504391966,62943.26482202541,,3961854586.455622,unknown,unknown,,,,,xgboost_large_scale_train_v6,XGBoost-only training on test_v1_train_v6 (5M samples),per_county,19091.0,medium,571.0,568.0,568.0
xgboost,,,,,,0.34723929314491586,41605.73552178899,66945.05442944256,,4481640312.561027,unknown,unknown,,,,,xgboost_large_scale_train_v6,XGBoost-only training on test_v1_train_v6 (5M samples),per_county,54045.0,medium,327.0,326.0,326.0
xgboost,,,,,,0.3449672821902723,53905.230788305795,121691.22493314982,,14808754225.730463,unknown,unknown,,,,,xgboost_large_scale_train_v6,XGBoost-only training on test_v1_train_v6 (5M samples),per_county,19027.0,medium,764.0,763.0,763.0
xgboost,,,,,,0.265301796684868,119546.34000159711,179133.97370818307,,32088980536.484028,unknown,unknown,,,,,xgboost_large_scale_train_v6,XGBoost-only training on test_v1_train_v6 (5M samples),per_county,16045.0,medium,587.0,584.0,584.0
xgboost,,,,,,0.4560734922690016,231557.01174662402,303482.20034383424,,92101445925.53516,unknown,unknown,,,,,xgboost_large_scale_train_v6,XGBoost-only training on test_v1_train_v6 (5M samples),per_county,49043.0,medium,1592.0,1592.0,1592.0
xgboost,,,,,,0.34828482178883646,70709.58516284282,110198.76205401441,,12143767158.237288,unknown,unknown,,,,,xgboost_large_scale_train_v6,XGBoost-only training on test_v1_train_v6 (5M samples),per_county,47129.0,medium,711.0,706.0,706.0
xgboost,,,,,,0.4683263295830342,60946.336781754035,101619.03646743632,,10326428572.570152,unknown,unknown,,,,,xgboost_large_scale_train_v6,XGBoost-only training on test_v1_train_v6 (5M samples),per_county,47133.0,medium,930.0,926.0,926.0
xgboost,,,,,,0.6976135181639058,33048.22174916625,54012.592967900266,,2917360199.1160693,unknown,unknown,,,,,xgboost_large_scale_train_v6,XGBoost-only training on test_v1_train_v6 (5M samples),per_county,22041.0,medium,506.0,503.0,503.0
xgboost,,,,,,0.26679065800620994,54718.88517234951,106442.6884282689,,11330045919.83753,unknown,unknown,,,,,xgboost_large_scale_train_v6,XGBoost-only training on test_v1_train_v6 (5M samples),per_county,13267.0,medium,461.0,460.0,460.0
xgboost,,,,,,0.3846658415321115,56222.89152774587,96825.45066359725,,9375167896.208706,unknown,unknown,,,,,xgboost_large_scale_train_v6,XGBoost-only training on test_v1_train_v6 (5M samples),per_county,20055.0,medium,1088.0,1084.0,1084.0
xgboost,,,,,,0.6427775067335846,70122.97294730393,144854.85718579756,,20982929650.317806,unknown,unknown,,,,,xgboost_large_scale_train_v6,XGBoost-only training on test_v1_train_v6 (5M samples),per_county,8103.0,medium,255.0,254.0,254.0
xgboost,,,,,,0.2011050181386107,102408.97891857143,165772.60730376988,,27480557332.2899,unknown,unknown,,,,,xgboost_large_scale_train_v6,XGBoost-only training on test_v1_train_v6 (5M samples),per_county,16075.0,medium,875.0,873.0,873.0
xgboost,,,,,,0.4762933829436895,66615.13764859247,123770.97950481341,,15319255367.580942,unknown,unknown,,,,,xgboost_large_scale_train_v6,XGBoost-only training on test_v1_train_v6 (5M samples),per_county,45001.0,medium,857.0,857.0,857.0
xgboost,,,,,,0.3773071552741022,67620.09636314656,109072.06514796175,,11896715395.641212,unknown,unknown,,,,,xgboost_large_scale_train_v6,XGBoost-only training on test_v1_train_v6 (5M samples),per_county,47185.0,medium,1595.0,1591.0,1591.0
xgboost,,,,,,0.38170717280295263,79154.55446816514,186057.92801646306,,34617552577.77935,unknown,unknown,,,,,xgboost_large_scale_train_v6,XGBoost-only training on test_v1_train_v6 (5M samples),per_county,51840.0,medium,748.0,747.0,747.0
xgboost,,,,,,0.5642152085692432,58020.537180024796,102430.23371513304,,10491952778.936779,unknown,unknown,,,,,xgboost_large_scale_train_v6,XGBoost-only training on test_v1_train_v6 (5M samples),per_county,5089.0,medium,857.0,857.0,857.0
xgboost,,,,,,0.6738532141328637,99356.25416343921,162463.97718654398,,26394543883.269886,unknown,unknown,,,,,xgboost_large_scale_train_v6,XGBoost-only training on test_v1_train_v6 (5M samples),per_county,51540.0,medium,1291.0,1291.0,1291.0
xgboost,,,,,,0.41734612660716697,79695.17761905461,159226.55789053973,,25353096737.669395,unknown,unknown,,,,,xgboost_large_scale_train_v6,XGBoost-only training on test_v1_train_v6 (5M samples),per_county,27157.0,medium,1067.0,1064.0,1064.0
xgboost,,,,,,0.28723536315371745,73386.30805530722,137293.9286988063,,18849622857.552906,unknown,unknown,,,,,xgboost_large_scale_train_v6,XGBoost-only training on test_v1_train_v6 (5M samples),per_county,19191.0,medium,769.0,767.0,767.0
xgboost,,,,,,0.7001788804110772,40369.27894227306,68575.63004277513,,4702617035.763563,unknown,unknown,,,,,xgboost_large_scale_train_v6,XGBoost-only training on test_v1_train_v6 (5M samples),per_county,51149.0,medium,1041.0,1037.0,1037.0
xgboost,,,,,,0.6796720649273155,45316.53179767423,80959.34211080652,,6554415075.014609,unknown,unknown,,,,,xgboost_large_scale_train_v6,XGBoost-only training on test_v1_train_v6 (5M samples),per_county,38071.0,medium,391.0,390.0,390.0
xgboost,,,,,,0.4906328978981507,76665.8369763399,131449.68915446833,,17279020778.80635,unknown,unknown,,,,,xgboost_large_scale_train_v6,XGBoost-only training on test_v1_train_v6 (5M samples),per_county,36053.0,medium,1474.0,1470.0,1470.0
xgboost,,,,,,0.44060830228420544,53391.61938718722,92433.29518694243,,8543914059.116434,unknown,unknown,,,,,xgboost_large_scale_train_v6,XGBoost-only training on test_v1_train_v6 (5M samples),per_county,26067.0,medium,2218.0,2202.0,2202.0
xgboost,,,,,,0.2922599620630201,45255.35964394182,84146.78338389497,,7080681153.856143,unknown,unknown,,,,,xgboost_large_scale_train_v6,XGBoost-only training on test_v1_train_v6 (5M samples),per_county,18153.0,medium,391.0,387.0,387.0
xgboost,,,,,,0.4425345975389625,69259.11673442398,112322.33625285093,,12616307221.298512,unknown,unknown,,,,,xgboost_large_scale_train_v6,XGBoost-only training on test_v1_train_v6 (5M samples),per_county,37047.0,medium,957.0,954.0,954.0
xgboost,,,,,,0.6841588965313331,67688.56434170513,121986.46435243193,,14880697485.207146,unknown,unknown,,,,,xgboost_large_scale_train_v6,XGBoost-only training on test_v1_train_v6 (5M samples),per_county,19159.0,medium,298.0,296.0,296.0
xgboost,,,,,,0.31266769941294814,56647.131002565984,108283.49610168548,,11725315528.003735,unknown,unknown,,,,,xgboost_large_scale_train_v6,XGBoost-only training on test_v1_train_v6 (5M samples),per_county,21191.0,medium,341.0,340.0,340.0
xgboost,,,,,,0.5611063589181571,48754.17180240182,93049.23047930676,,8658159292.791151,unknown,unknown,,,,,xgboost_large_scale_train_v6,XGBoost-only training on test_v1_train_v6 (5M samples),per_county,31119.0,medium,1668.0,1666.0,1666.0
xgboost,,,,,,0.3547593094589466,43429.92814867424,87636.51184093283,,7680158207.645961,unknown,unknown,,,,,xgboost_large_scale_train_v6,XGBoost-only training on test_v1_train_v6 (5M samples),per_county,13173.0,medium,330.0,325.0,325.0
xgboost,,,,,,0.5593439041069965,59494.41055426956,92901.77504971766,,8630739807.388344,unknown,unknown,,,,,xgboost_large_scale_train_v6,XGBoost-only training on test_v1_train_v6 (5M samples),per_county,48037.0,medium,1944.0,1939.0,1939.0
xgboost,,,,,,0.3017877600656128,49953.74011804467,74924.69212044372,,5613709489.343283,unknown,unknown,,,,,xgboost_large_scale_train_v6,XGBoost-only training on test_v1_train_v6 (5M samples),per_county,19053.0,medium,319.0,316.0,316.0
xgboost,,,,,,0.3398360735732787,84157.29551452021,150053.07612630213,,22515925654.965824,unknown,unknown,,,,,xgboost_large_scale_train_v6,XGBoost-only training on test_v1_train_v6 (5M samples),per_county,29039.0,medium,495.0,495.0,495.0
xgboost,,,,,,0.2609911597729777,126275.92317397386,190223.83963595988,,36185109165.84738,unknown,unknown,,,,,xgboost_large_scale_train_v6,XGBoost-only training on test_v1_train_v6 (5M samples),per_county,30089.0,medium,268.0,267.0,267.0
xgboost,,,,,,0.336627242197187,52825.73699624317,112505.28843003805,,12657439924.726055,unknown,unknown,,,,,xgboost_large_scale_train_v6,XGBoost-only training on test_v1_train_v6 (5M samples),per_county,39087.0,medium,1830.0,1823.0,1823.0
xgboost,,,,,,0.39279564909661013,86695.70044653837,171135.16265218097,,29287243895.988438,unknown,unknown,,,,,xgboost_large_scale_train_v6,XGBoost-only training on test_v1_train_v6 (5M samples),per_county,51001.0,medium,2033.0,2026.0,2026.0
xgboost,,,,,,0.61315627725964,73164.89602882769,115842.44523294945,,13419472117.548893,unknown,unknown,,,,,xgboost_large_scale_train_v6,XGBoost-only training on test_v1_train_v6 (5M samples),per_county,26027.0,medium,1432.0,1429.0,1429.0
xgboost,,,,,,0.3109777355366654,59902.58318754795,137397.5083154787,,18878075291.30204,unknown,unknown,,,,,xgboost_large_scale_train_v6,XGBoost-only training on test_v1_train_v6 (5M samples),per_county,19131.0,medium,652.0,650.0,650.0
xgboost,,,,,,0.06931313476956591,161287.99655099015,286940.25059168367,,82334707409.61821,unknown,unknown,,,,,xgboost_large_scale_train_v6,XGBoost-only training on test_v1_train_v6 (5M samples),per_county,13211.0,medium,991.0,991.0,991.0
xgboost,,,,,,0.3493660918672805,42287.64752400318,98122.33293575716,,9627992220.755575,unknown,unknown,,,,,xgboost_large_scale_train_v6,XGBoost-only training on test_v1_train_v6 (5M samples),per_county,27033.0,medium,511.0,511.0,511.0
xgboost,,,,,,0.510653963231816,50683.871961805555,89753.64641228491,,8055717044.301464,unknown,unknown,,,,,xgboost_large_scale_train_v6,XGBoost-only training on test_v1_train_v6 (5M samples),per_county,12063.0,medium,1098.0,1095.0,1095.0
xgboost,,,,,,0.4776804457261272,43001.99234283328,73010.19798211881,,5330489009.3881855,unknown,unknown,,,,,xgboost_large_scale_train_v6,XGBoost-only training on test_v1_train_v6 (5M samples),per_county,26007.0,medium,1534.0,1530.0,1530.0
xgboost,,,,,,0.5507719565968322,107160.84870302287,172727.31864269194,,29834726605.494034,unknown,unknown,,,,,xgboost_large_scale_train_v6,XGBoost-only training on test_v1_train_v6 (5M samples),per_county,26019.0,medium,918.0,918.0,918.0
xgboost,,,,,,0.476072003586153,79559.59914777131,113299.21620231832,,12836712392.05967,unknown,unknown,,,,,xgboost_large_scale_train_v6,XGBoost-only training on test_v1_train_v6 (5M samples),per_county,48497.0,medium,1935.0,1934.0,1934.0
xgboost,,,,,,0.4976776679985274,107477.9817866848,173395.147592816,,30065877208.734447,unknown,unknown,,,,,xgboost_large_scale_train_v6,XGBoost-only training on test_v1_train_v6 (5M samples),per_county,35027.0,medium,483.0,483.0,483.0
xgboost,,,,,,0.30967724498946114,63995.46881975447,157105.0007859696,,24681981271.959515,unknown,unknown,,,,,xgboost_large_scale_train_v6,XGBoost-only training on test_v1_train_v6 (5M samples),per_county,19165.0,medium,560.0,559.0,559.0
xgboost,,,,,,0.5968859903365124,114880.52097244484,187590.33251334867,,35190132852.46872,unknown,unknown,,,,,xgboost_large_scale_train_v6,XGBoost-only training on test_v1_train_v6 (5M samples),per_county,36031.0,medium,1404.0,1404.0,1404.0
xgboost,,,,,,0.38069452471372867,75587.08554151714,126244.3818590469,,15937643950.972849,unknown,unknown,,,,,xgboost_large_scale_train_v6,XGBoost-only training on test_v1_train_v6 (5M samples),per_county,48373.0,medium,1254.0,1249.0,1249.0
xgboost,,,,,,0.36114118645620175,67764.46248733469,134319.26421707452,,18041664739.816273,unknown,unknown,,,,,xgboost_large_scale_train_v6,XGBoost-only training on test_v1_train_v6 (5M samples),per_county,5091.0,medium,1172.0,1168.0,1168.0
xgboost,,,,,,0.25242347115054664,57825.977510055694,122041.81246594606,,14894203989.973146,unknown,unknown,,,,,xgboost_large_scale_train_v6,XGBoost-only training on test_v1_train_v6 (5M samples),per_county,5011.0,medium,303.0,302.0,302.0
xgboost,,,,,,0.6510706994524744,60211.98980579453,102647.61468486482,,10536532800.492476,unknown,unknown,,,,,xgboost_large_scale_train_v6,XGBoost-only training on test_v1_train_v6 (5M samples),per_county,12027.0,medium,1235.0,1231.0,1231.0
xgboost,,,,,,0.45658890122954454,126631.71407918149,193216.88860019343,,37332766040.33956,unknown,unknown,,,,,xgboost_large_scale_train_v6,XGBoost-only training on test_v1_train_v6 (5M samples),per_county,8065.0,medium,281.0,281.0,281.0
xgboost,,,,,,0.8299274246909666,41068.85532303622,79312.16524999581,,6290419556.642643,unknown,unknown,,,,,xgboost_large_scale_train_v6,XGBoost-only training on test_v1_train_v6 (5M samples),per_county,17015.0,medium,697.0,690.0,690.0
xgboost,,,,,,0.10018442788960713,84790.1337890625,197604.37049342724,,39047487238.10366,unknown,unknown,,,,,xgboost_large_scale_train_v6,XGBoost-only training on test_v1_train_v6 (5M samples),per_county,13261.0,medium,940.0,940.0,940.0
xgboost,,,,,,0.2647732921604483,79564.9473177259,125598.12535299014,,15774889092.185425,unknown,unknown,,,,,xgboost_large_scale_train_v6,XGBoost-only training on test_v1_train_v6 (5M samples),per_county,16069.0,medium,1483.0,1476.0,1476.0
xgboost,,,,,,0.5149266269393273,60601.83075622708,102221.39533405565,,10449213664.041294,unknown,unknown,,,,,xgboost_large_scale_train_v6,XGBoost-only training on test_v1_train_v6 (5M samples),per_county,39019.0,medium,818.0,815.0,815.0
xgboost,,,,,,0.6496438172656627,30222.908991686163,47772.73586881121,,2282234292.391201,unknown,unknown,,,,,xgboost_large_scale_train_v6,XGBoost-only training on test_v1_train_v6 (5M samples),per_county,17121.0,medium,1122.0,1122.0,1122.0
xgboost,,,,,,0.20924054263972014,136524.96048677884,262519.65712717886,,68916570378.17155,unknown,unknown,,,,,xgboost_large_scale_train_v6,XGBoost-only training on test_v1_train_v6 (5M samples),per_county,37143.0,medium,572.0,571.0,571.0
xgboost,,,,,,0.4806226883404692,46898.91219023686,93978.21024048253,,8831904000.004335,unknown,unknown,,,,,xgboost_large_scale_train_v6,XGBoost-only training on test_v1_train_v6 (5M samples),per_county,22021.0,medium,314.0,313.0,313.0
xgboost,,,,,,0.1766489225532537,129808.1953581662,193628.35524521527,,37491939954.96728,unknown,unknown,,,,,xgboost_large_scale_train_v6,XGBoost-only training on test_v1_train_v6 (5M samples),per_county,16073.0,medium,349.0,348.0,348.0
xgboost,,,,,,0.5366250237342395,80280.20305444948,128818.71180503443,,16594260511.108515,unknown,unknown,,,,,xgboost_large_scale_train_v6,XGBoost-only training on test_v1_train_v6 (5M samples),per_county,30023.0,medium,361.0,359.0,359.0
xgboost,,,,,,0.2737134940194971,102488.23110823474,220571.5456087425,,48651806732.229576,unknown,unknown,,,,,xgboost_large_scale_train_v6,XGBoost-only training on test_v1_train_v6 (5M samples),per_county,21067.0,medium,2028.0,2009.0,2009.0
xgboost,,,,,,0.554395236675565,68930.9595176792,109039.86370489537,,11889691876.782158,unknown,unknown,,,,,xgboost_large_scale_train_v6,XGBoost-only training on test_v1_train_v6 (5M samples),per_county,51155.0,medium,1681.0,1678.0,1678.0
xgboost,,,,,,0.33573587570202934,62285.356519071,109806.40291693027,,12057446121.555231,unknown,unknown,,,,,xgboost_large_scale_train_v6,XGBoost-only training on test_v1_train_v6 (5M samples),per_county,45087.0,medium,662.0,662.0,662.0
xgboost,,,,,,0.6289668905945007,169023.8242754156,227805.45577041822,,51895325678.767975,unknown,unknown,,,,,xgboost_large_scale_train_v6,XGBoost-only training on test_v1_train_v6 (5M samples),per_county,8037.0,medium,2137.0,2132.0,2132.0
xgboost,,,,,,0.41422995059748924,59356.090881467855,105074.97148033083,,11040749631.592337,unknown,unknown,,,,,xgboost_large_scale_train_v6,XGBoost-only training on test_v1_train_v6 (5M samples),per_county,51143.0,large,2539.0,2536.0,2536.0
xgboost,,,,,,0.1514590394553822,80310.11688941583,170972.5273838912,,29231605120.035427,unknown,unknown,,,,,xgboost_large_scale_train_v6,XGBoost-only training on test_v1_train_v6 (5M samples),per_county,29097.0,large,4303.0,4298.0,4298.0
xgboost,,,,,,0.6438910266851072,102119.84314498452,180328.9355855329,,32518525009.411274,unknown,unknown,,,,,xgboost_large_scale_train_v6,XGBoost-only training on test_v1_train_v6 (5M samples),per_county,37019.0,large,11118.0,11102.0,10000.0
xgboost,,,,,,-0.04604016927866583,122692.60321030853,306998.1226896471,,94247847334.96759,unknown,unknown,,,,,xgboost_large_scale_train_v6,XGBoost-only training on test_v1_train_v6 (5M samples),per_county,13063.0,large,10843.0,10821.0,10000.0
xgboost,,,,,,0.5266910102319546,55095.17017502946,88589.01629004838,,7848013807.238458,unknown,unknown,,,,,xgboost_large_scale_train_v6,XGBoost-only training on test_v1_train_v6 (5M samples),per_county,26123.0,large,2546.0,2544.0,2544.0
xgboost,,,,,,0.45628232806022806,84528.11926602355,181248.26705514683,,32850934310.493828,unknown,unknown,,,,,xgboost_large_scale_train_v6,XGBoost-only training on test_v1_train_v6 (5M samples),per_county,1051.0,large,4548.0,4533.0,4533.0
xgboost,,,,,,0.784298079450508,105801.98979918077,157428.41037296792,,24783704392.559597,unknown,unknown,,,,,xgboost_large_scale_train_v6,XGBoost-only training on test_v1_train_v6 (5M samples),per_county,8013.0,large,11534.0,11524.0,10000.0
xgboost,,,,,,0.6371998222934443,102222.95762798162,155549.10225206477,,24195523211.423298,unknown,unknown,,,,,xgboost_large_scale_train_v6,XGBoost-only training on test_v1_train_v6 (5M samples),per_county,41041.0,large,3836.0,3832.0,3832.0
xgboost,,,,,,0.30629718646912196,56070.59907520884,126994.42191541899,,16127583197.631453,unknown,unknown,,,,,xgboost_large_scale_train_v6,XGBoost-only training on test_v1_train_v6 (5M samples),per_county,21059.0,large,5342.0,5337.0,5337.0
xgboost,,,,,,0.41524820518893446,80758.31164480367,136733.70945584186,,18696107301.55458,unknown,unknown,,,,,xgboost_large_scale_train_v6,XGBoost-only training on test_v1_train_v6 (5M samples),per_county,2170.0,large,5291.0,5286.0,5286.0
xgboost,,,,,,0.4789937734181072,90080.93864428793,122721.5552718046,,15060580128.33059,unknown,unknown,,,,,xgboost_large_scale_train_v6,XGBoost-only training on test_v1_train_v6 (5M samples),per_county,48121.0,xlarge,31950.0,31736.0,10000.0
xgboost,,,,,,0.6256900862105481,62497.101385431764,126737.64674505798,,16062431102.475105,unknown,unknown,,,,,xgboost_large_scale_train_v6,XGBoost-only training on test_v1_train_v6 (5M samples),per_county,12127.0,xlarge,34525.0,34461.0,10000.0
xgboost,,,,,,0.6256286988864005,64546.238130276535,133307.73095049916,,17770951131.170673,unknown,unknown,,,,,xgboost_large_scale_train_v6,XGBoost-only training on test_v1_train_v6 (5M samples),per_county,39049.0,xlarge,44063.0,43980.0,10000.0
xgboost,,,,,,0.47469927119034294,65829.44410816592,129880.21807234363,,16868871046.519537,unknown,unknown,,,,,xgboost_large_scale_train_v6,XGBoost-only training on test_v1_train_v6 (5M samples),per_county,29095.0,xlarge,25135.0,25102.0,10000.0
xgboost,,,,,,0.690367158901539,92835.05185257139,172788.76399678568,,29855956963.536903,unknown,unknown,,,,,xgboost_large_scale_train_v6,XGBoost-only training on test_v1_train_v6 (5M samples),per_county,12071.0,xlarge,46850.0,46816.0,10000.0
